,admission_year,matric_gpa,study_year,current_gpa,monthly_allowance,scholarship,study_hours,classes_missed,failed_modules,gender_Female,gender_Male,faculty_AgriSciences,faculty_Arts & Social Sciences,faculty_Economic & Management Sciences,faculty_Education,faculty_Engineering,faculty_Law,faculty_Medicine and Health Services,faculty_Science,faculty_Unknown,accommodation_Non-private accommodation ie. Res,accommodation_Private accommodation/ stay with family/friends
0,2024,-0.285134041834431,1,0.7384615904662755,4500.0,0,8.0,8.0,3.0,1,0,0,1,0,0,0,0,0,0,0,0,1
1,2024,1.5776428770938056,1,1.1076787446715481,7500.0,1,8.0,4.0,4.0,0,1,0,0,1,0,0,0,0,0,0,0,1
2,2024,-0.285134041834431,0,-1.353768950030269,4500.0,0,4.0,8.0,3.0,0,1,1,0,0,0,0,0,0,0,0,0,1
3,2024,1.5776428770938056,1,2.2153302072873657,6500.0,0,4.0,8.0,2.0,0,1,0,0,0,0,1,0,0,0,0,0,1
4,2024,-0.5717151062849289,1,-1.7229861042355417,4500.0,0,4.0,7.0,1.0,1,0,0,1,0,0,0,0,0,0,0,0,1
5,2024,0.7178996837423118,5,-0.1230451026793605,6500.0,0,8.0,4.0,3.0,0,1,0,0,0,0,1,0,0,0,0,0,1
6,2024,0.2880280870665649,1,-1.47684133476536,5500.0,0,8.0,7.0,1.0,0,1,0,0,1,0,0,0,0,0,0,0,1
7,2024,1.0044807481928097,1,1.1076787446715481,5500.0,0,4.0,4.0,2.0,1,0,0,1,0,0,0,0,0,0,0,0,1
8,2024,1.5776428770938056,5,-0.1230451026793605,5500.0,0,8.0,4.0,0.0,0,1,0,0,0,0,1,0,0,0,0,0,1
9,2024,0.7178996837423118,5,-0.1230451026793605,6500.0,0,4.0,7.0,4.0,0,1,0,0,0,0,0,0,0,1,0,0,1
10,2024,-0.42842457405967993,5,-0.1230451026793605,4500.0,0,7.0,7.0,0.0,1,0,1,0,0,0,0,0,0,0,0,0,1
11,2024,0.2880280870665649,1,1.1076787446715481,6500.0,0,8.0,8.0,0.0,1,0,0,1,0,0,0,0,0,0,0,0,1
12,2024,0.14473755484131592,1,-0.24611748741445136,5500.0,0,4.0,4.0,2.0,0,1,0,0,1,0,0,0,0,0,0,0,1
13,2024,-0.8582961707354269,1,1.2307511294066389,6500.0,0,2.0,4.0,0.0,1,0,0,0,1,0,0,0,0,0,0,0,1
14,2024,0.0014470226160669506,5,-0.1230451026793605,5500.0,0,4.0,7.0,0.0,0,1,0,0,0,0,0,0,0,1,0,0,1
15,2024,1.2910618126433078,0,1.1076787446715481,4500.0,0,8.0,2.0,0.0,1,0,0,0,0,0,0,0,0,1,0,0,1
16,2024,1.1477712804180586,5,-0.1230451026793605,5500.0,0,4.0,4.0,0.0,1,0,0,0,0,0,1,0,0,0,0,0,1
17,2024,-0.5717151062849289,0,-0.1230451026793605,5500.0,0,2.0,7.0,0.0,0,1,0,0,1,0,0,0,0,0,0,0,1
18,2024,0.7178996837423118,5,-0.1230451026793605,5500.0,0,8.0,2.0,0.0,1,0,0,0,0,0,0,0,1,0,0,0,1
19,2024,-1.2881677674111738,1,-1.353768950030269,6500.0,0,7.0,7.0,3.0,0,1,0,1,0,0,0,0,0,0,0,0,1
20,2024,0.14473755484131592,1,-1.47684133476536,5500.0,0,7.0,0.0,0.0,0,1,0,0,1,0,0,0,0,0,0,1,0
21,2024,0.2880280870665649,1,-0.49226225688463304,4500.0,1,8.0,7.0,0.0,0,1,0,0,0,0,1,0,0,0,0,0,1
22,2024,-0.7150056385101778,1,-0.1230451026793605,5500.0,0,2.0,2.0,0.0,1,0,0,1,0,0,0,0,0,0,0,0,1
23,2024,0.7178996837423118,1,-1.353768950030269,4500.0,0,2.0,4.0,2.0,1,0,0,0,0,0,0,1,0,0,0,0,1
24,2024,0.0014470226160669506,0,1.2307511294066389,6500.0,0,8.0,4.0,2.0,1,0,0,0,1,0,0,0,0,0,0,0,1
25,2024,-0.5717151062849289,1,-0.1230451026793605,6500.0,0,4.0,8.0,2.0,0,1,0,1,0,0,0,0,0,0,0,0,1
26,2024,0.7178996837423118,2,0.36924443626100295,5500.0,0,8.0,4.0,0.0,0,1,0,0,0,0,1,0,0,0,0,0,1
27,2024,0.14473755484131592,1,-0.7384070263548148,8500.0,0,7.0,8.0,1.0,0,1,0,0,0,0,1,0,0,0,0,0,1
28,2024,0.7178996837423118,1,-1.353768950030269,5500.0,0,8.0,2.0,0.0,1,0,0,0,1,0,0,0,0,0,0,1,0
29,2024,0.14473755484131592,0,0.9846063599364572,6500.0,0,4.0,7.0,0.0,1,0,0,0,1,0,0,0,0,0,0,0,1
30,2024,1.2910618126433078,1,0.4923168209960938,5500.0,0,8.0,7.0,0.0,0,1,0,0,0,0,1,0,0,0,0,0,1
31,2024,0.8611902159675607,0,-0.7384070263548148,4500.0,0,8.0,7.0,0.0,0,1,0,0,0,0,1,0,0,0,0,0,1
32,2024,0.8611902159675607,5,-0.1230451026793605,5500.0,0,8.0,7.0,0.0,0,1,0,0,1,0,0,0,0,0,0,0,1
33,2024,1.1477712804180586,1,-1.47684133476536,5500.0,0,7.0,7.0,2.0,0,1,0,0,1,0,0,0,0,0,0,0,1
34,2024,0.2880280870665649,1,1.1076787446715481,6500.0,0,8.0,4.0,0.0,1,0,0,0,0,0,0,0,0,1,0,0,1
35,2024,0.2880280870665649,0,-0.3691898721495422,4500.0,0,4.0,8.0,2.0,0,1,0,0,1,0,0,0,0,0,0,0,1
36,2024,0.0014470226160669506,1,0.8615339752013663,5500.0,0,7.0,7.0,2.0,0,1,0,0,1,0,0,0,0,0,0,0,1
37,2024,-0.7150056385101778,0,-1.1076241805600873,5500.0,0,7.0,8.0,2.0,0,1,0,0,1,0,0,0,0,0,0,0,1
38,2024,3.0105481993462955,1,2.953764515697911,4500.0,0,7.0,4.0,3.0,0,1,0,0,1,0,0,0,0,0,0,0,1
39,2024,0.6605834708522114,1,1.1076787446715481,4500.0,0,8.0,2.0,0.0,1,0,0,1,0,0,0,0,0,0,0,0,1
40,2024,0.0014470226160669506,0,1.4768958988768206,8500.0,0,2.0,7.0,2.0,1,0,0,0,1,0,0,0,0,0,0,0,1
41,2024,-1.8613298963121696,1,-1.353768950030269,4500.0,0,4.0,4.0,2.0,1,0,0,0,1,0,0,0,0,0,0,0,1
42,2024,0.8611902159675607,1,0.4923168209960938,5500.0,0,2.0,8.0,4.0,0,1,0,0,1,0,0,0,0,0,0,0,1
43,2024,0.7178996837423118,5,-0.1230451026793605,5500.0,0,2.0,2.0,0.0,1,0,0,0,1,0,0,0,0,0,0,0,1
44,2024,0.2880280870665649,5,-0.1230451026793605,4500.0,0,2.0,2.0,0.0,1,0,0,0,1,0,0,0,0,0,0,0,1
45,2024,0.2880280870665649,5,-0.1230451026793605,5500.0,0,4.0,4.0,2.0,1,0,0,1,0,0,0,0,0,0,0,0,1
46,2024,0.43131861929181387,1,-0.7384070263548148,6500.0,0,2.0,7.0,0.0,0,1,0,0,1,0,0,0,0,0,0,0,1
47,2024,-0.285134041834431,0,-0.615334641619724,5500.0,0,4.0,2.0,0.0,0,1,0,1,0,0,0,0,0,0,0,0,1
48,2024,-0.285134041834431,1,-0.3691898721495422,4500.0,0,8.0,7.0,0.0,0,1,0,0,1,0,0,0,0,0,0,0,1
49,2024,1.4343523448685567,0,-0.7384070263548148,5500.0,0,2.0,2.0,0.0,1,0,0,0,1,0,0,0,0,0,0,0,1
50,2024,-0.42842457405967993,1,-1.1076241805600873,8500.0,0,7.0,2.0,1.0,0,1,0,0,1,0,0,0,0,0,0,0,1
51,2024,-1.1448772351859249,5,-0.1230451026793605,7500.0,0,4.0,4.0,0.0,0,1,0,0,1,0,0,0,0,0,0,0,1
52,2024,-1.1448772351859249,0,-0.1230451026793605,4500.0,0,4.0,4.0,2.0,1,0,0,0,1,0,0,0,0,0,0,1,0
53,2024,0.8611902159675607,0,0.9846063599364572,4500.0,0,2.0,2.0,0.0,0,1,0,0,0,0,0,0,0,1,0,1,0
54,2024,2.8672576671210463,0,2.83069213096282,4500.0,1,2.0,8.0,0.0,0,1,0,0,0,0,1,0,0,0,0,0,1
55,2024,-0.8582961707354269,1,1.2307511294066389,4500.0,0,2.0,2.0,0.0,0,1,0,1,0,0,0,0,0,0,0,0,1
56,2024,0.8611902159675607,0,1.7230406683470023,6500.0,0,8.0,7.0,2.0,1,0,0,0,0,0,0,0,1,0,0,1,0
57,2024,1.0044807481928097,1,2.728205573035931e-05,4500.0,1,8.0,8.0,4.0,0,1,0,0,1,0,0,0,0,0,0,0,1
58,2024,0.8611902159675607,0,1.7230406683470023,4500.0,0,2.0,4.0,0.0,1,0,0,0,0,0,0,0,1,0,0,0,1
59,2024,1.7209334093190545,1,0.4923168209960938,5500.0,0,7.0,4.0,0.0,1,0,0,0,0,0,0,1,0,0,0,0,1
60,2024,-0.8582961707354269,2,-0.1230451026793605,6500.0,0,4.0,7.0,0.0,1,0,0,0,0,1,0,0,0,0,0,0,1
61,2024,0.0014470226160669506,0,1.1076787446715481,4500.0,0,7.0,4.0,2.0,1,0,0,0,0,0,0,0,0,1,0,0,1
62,2024,0.7178996837423118,1,-0.3691898721495422,4500.0,0,8.0,4.0,0.0,1,0,0,0,0,0,1,0,0,0,0,0,1
63,2024,1.0044807481928097,0,1.7230406683470023,4500.0,0,8.0,2.0,0.0,1,0,0,0,1,0,0,0,0,0,0,0,1
64,2024,0.43131861929181387,1,-0.1230451026793605,5500.0,1,8.0,4.0,1.0,1,0,0,0,0,0,0,0,0,0,1,0,1
65,2024,0.8611902159675607,0,1.1076787446715481,4500.0,0,8.0,4.0,3.0,1,0,0,0,0,0,0,0,0,1,0,0,1
66,2024,-0.285134041834431,1,-0.1230451026793605,7500.0,0,8.0,0.0,0.0,0,1,0,0,0,0,0,0,0,1,0,0,1
67,2024,0.2880280870665649,1,-0.615334641619724,7500.0,0,4.0,2.0,0.0,1,0,0,0,0,0,1,0,0,0,0,0,1
68,2024,-0.7150056385101778,5,-0.1230451026793605,4500.0,1,4.0,2.0,0.0,1,0,0,1,0,0,0,0,0,0,0,0,1
69,2024,1.0044807481928097,3,1.2307511294066389,6500.0,0,7.0,8.0,0.0,0,1,1,0,0,0,0,0,0,0,0,0,1
70,2024,0.8611902159675607,1,-0.1230451026793605,5500.0,1,7.0,2.0,0.0,1,0,0,0,0,0,0,0,0,1,0,1,0
71,2024,1.0044807481928097,0,-0.9845517958249965,5500.0,0,4.0,7.0,2.0,0,1,0,1,0,0,0,0,0,0,0,0,1
72,2024,-0.42842457405967993,1,-0.1230451026793605,4500.0,1,7.0,2.0,0.0,1,0,0,1,0,0,0,0,0,0,0,0,1
73,2024,2.914543542755378,1,3.596202364015085,4500.0,0,8.0,0.0,0.0,1,0,0,0,1,0,0,0,0,0,0,1,0
74,2024,-1.1448772351859249,0,-0.7384070263548148,6500.0,0,7.0,2.0,0.0,1,0,1,0,0,0,0,0,0,0,0,0,1
75,2024,-0.42842457405967993,1,-0.1230451026793605,6500.0,0,8.0,7.0,0.0,0,1,0,0,1,0,0,0,0,0,0,0,1
76,2024,-0.285134041834431,1,-0.7384070263548148,4500.0,0,2.0,7.0,2.0,1,0,0,0,0,0,0,1,0,0,0,0,1
77,2024,1.2910618126433078,5,-0.1230451026793605,5500.0,0,8.0,2.0,0.0,1,0,0,0,0,0,0,0,0,1,0,0,1
78,2024,-0.42842457405967993,1,-0.9845517958249965,5500.0,0,4.0,8.0,0.0,0,1,0,0,1,0,0,0,0,0,0,0,1
79,2024,1.1477712804180586,2,-1.353768950030269,5500.0,1,2.0,8.0,1.0,0,1,1,0,0,0,0,0,0,0,0,0,1
80,2024,0.2880280870665649,2,0.6153892057311846,8500.0,0,7.0,2.0,0.0,1,0,0,0,0,0,0,0,1,0,0,0,1
81,2024,-0.42842457405967993,2,-0.7384070263548148,5500.0,0,8.0,8.0,0.0,1,0,0,1,0,0,0,0,0,0,0,0,1
82,2024,-0.42842457405967993,1,0.4923168209960938,8500.0,0,7.0,7.0,3.0,1,0,0,0,1,0,0,0,0,0,0,0,1
83,2024,0.2880280870665649,1,-0.7384070263548148,4500.0,0,8.0,7.0,0.0,1,0,0,0,1,0,0,0,0,0,0,0,1
84,2024,-0.42842457405967993,2,-0.24611748741445136,5500.0,0,8.0,7.0,0.0,1,0,0,0,1,0,0,0,0,0,0,0,1
85,2024,1.0044807481928097,2,2.2153302072873657,5500.0,1,8.0,7.0,0.0,1,0,0,0,0,0,0,0,0,1,0,1,0
86,2024,0.14473755484131592,1,-0.7384070263548148,5500.0,0,7.0,7.0,1.0,1,0,0,0,1,0,0,0,0,0,0,0,1
87,2024,0.0014470226160669506,2,-0.615334641619724,4500.0,1,2.0,4.0,0.0,0,1,0,0,0,0,0,0,1,0,0,1,0
88,2024,0.0014470226160669506,1,2.728205573035931e-05,6500.0,0,4.0,7.0,3.0,1,0,0,0,0,0,0,1,0,0,0,0,1
89,2024,-1.8613298963121696,0,-0.1230451026793605,4500.0,0,4.0,4.0,1.0,0,1,0,0,1,0,0,0,0,0,0,0,1
90,2024,0.5746091515170628,1,-1.5999137195004507,4500.0,0,7.0,7.0,2.0,1,0,0,0,0,0,1,0,0,0,0,0,1
91,2024,-0.14184350960918202,0,-0.49226225688463304,5500.0,0,7.0,4.0,0.0,1,0,1,0,0,0,0,0,0,0,0,0,1
92,2024,1.0044807481928097,1,-0.1230451026793605,7500.0,0,8.0,7.0,3.0,1,0,0,0,0,0,0,0,0,1,0,0,1
93,2024,0.43131861929181387,2,-0.49226225688463304,8500.0,0,7.0,7.0,1.0,1,0,0,1,0,0,0,0,0,0,0,0,1
94,2024,-0.14184350960918202,1,-0.615334641619724,7500.0,0,8.0,8.0,1.0,0,1,0,0,1,0,0,0,0,0,0,0,1
95,2024,0.5746091515170628,1,0.8615339752013663,4500.0,0,7.0,8.0,1.0,0,1,0,0,1,0,0,0,0,0,0,0,1
96,2024,-0.7150056385101778,2,-0.7384070263548148,5500.0,0,4.0,7.0,1.0,1,0,0,0,1,0,0,0,0,0,0,0,1
97,2024,-1.4314582996364227,5,-0.1230451026793605,4500.0,0,4.0,8.0,0.0,0,1,0,1,0,0,0,0,0,0,0,0,1
98,2024,-1.1448772351859249,1,-0.7384070263548148,7500.0,0,4.0,4.0,0.0,0,1,0,0,1,0,0,0,0,0,0,0,1
99,2024,-0.42842457405967993,2,-0.24611748741445136,4500.0,0,4.0,4.0,1.0,0,1,1,0,0,0,0,0,0,0,0,0,1
100,2024,0.0014470226160669506,1,-0.49226225688463304,5500.0,0,8.0,7.0,1.0,0,1,0,0,1,0,0,0,0,0,0,0,1
101,2024,-0.7150056385101778,0,0.36924443626100295,6500.0,0,4.0,4.0,0.0,1,0,0,1,0,0,0,0,0,0,0,0,1
102,2024,-0.5717151062849289,1,-1.1076241805600873,7500.0,0,7.0,7.0,2.0,0,1,0,0,1,0,0,0,0,0,0,0,1
103,2024,-0.14184350960918202,0,-0.7384070263548148,4500.0,0,7.0,2.0,0.0,0,1,0,0,1,0,0,0,0,0,0,0,1
104,2024,-1.7180393640869207,5,-0.1230451026793605,4500.0,0,8.0,8.0,0.0,0,1,0,0,1,0,0,0,0,0,0,0,1
105,2024,0.2880280870665649,1,-0.7384070263548148,8500.0,0,0.0,0.0,4.0,0,1,0,0,0,0,1,0,0,0,0,0,1
106,2024,0.0014470226160669506,0,2.728205573035931e-05,4500.0,1,4.0,7.0,2.0,1,0,0,0,1,0,0,0,0,0,0,0,1
107,2024,-0.42842457405967993,0,-1.9691308737057234,4500.0,0,8.0,4.0,0.0,0,1,0,0,0,0,0,0,0,1,0,1,0
108,2024,-0.8582961707354269,0,0.4923168209960938,6500.0,0,0.0,8.0,0.0,0,1,0,0,1,0,0,0,0,0,0,0,1
109,2024,0.2880280870665649,2,-0.1230451026793605,8500.0,0,7.0,4.0,0.0,0,1,0,0,0,0,0,0,0,1,0,0,1
110,2024,-0.42842457405967993,1,0.7384615904662755,5500.0,0,0.0,8.0,4.0,0,1,0,0,1,0,0,0,0,0,0,0,1
111,2024,-0.7150056385101778,1,-0.49226225688463304,7500.0,0,8.0,4.0,1.0,1,0,0,0,1,0,0,0,0,0,0,0,1
112,2024,1.1477712804180586,2,1.2307511294066389,4500.0,0,7.0,7.0,1.0,1,0,0,0,0,0,0,0,0,1,0,0,1
113,2024,-1.1448772351859249,0,1.1076787446715481,5500.0,0,7.0,7.0,0.0,0,1,1,0,0,0,0,0,0,0,0,0,1
114,2024,0.7178996837423118,0,-0.1230451026793605,6500.0,0,2.0,7.0,0.0,1,0,0,0,1,0,0,0,0,0,0,0,1
115,2024,0.8611902159675607,5,-0.1230451026793605,5500.0,0,0.0,7.0,0.0,1,0,0,0,1,0,0,0,0,0,0,0,1
116,2024,1.0044807481928097,0,2.707619746227729,4500.0,1,8.0,0.0,0.0,0,1,0,0,0,0,0,0,0,1,0,0,1
117,2024,-0.8582961707354269,1,-0.615334641619724,4500.0,0,4.0,2.0,0.0,1,0,0,1,0,0,0,0,0,0,0,0,1
118,2024,-0.7150056385101778,0,-1.7229861042355417,4500.0,0,4.0,2.0,1.0,0,1,0,0,1,0,0,0,0,0,0,0,1
119,2024,-0.285134041834431,4,1.5999682836119116,8500.0,0,7.0,2.0,0.0,1,0,0,0,1,0,0,0,0,0,0,0,1
120,2024,-0.285134041834431,0,-1.2306965652951782,4500.0,0,8.0,2.0,0.0,0,1,0,0,0,0,1,0,0,0,0,1,0
121,2024,0.5746091515170628,1,0.4923168209960938,4500.0,0,2.0,8.0,4.0,0,1,0,1,0,0,0,0,0,0,0,1,0
122,2024,0.5746091515170628,1,-0.7384070263548148,4500.0,0,8.0,7.0,0.0,0,1,0,0,1,0,0,0,0,0,0,0,1
123,2024,-1.4314582996364227,1,-1.1076241805600873,4500.0,0,4.0,7.0,1.0,0,1,1,0,0,0,0,0,0,0,0,0,1
124,2024,0.8611902159675607,0,-0.24611748741445136,4500.0,0,2.0,4.0,1.0,1,0,0,0,0,0,0,0,0,1,0,0,1
125,2024,0.14473755484131592,1,-0.7384070263548148,8500.0,0,8.0,7.0,2.0,0,1,0,0,1,0,0,0,0,0,0,0,1
126,2024,1.5776428770938056,1,0.9846063599364572,4500.0,0,4.0,4.0,0.0,0,1,0,0,1,0,0,0,0,0,0,1,0
127,2024,0.5746091515170628,1,0.8615339752013663,5500.0,0,4.0,7.0,0.0,1,0,0,0,0,1,0,0,0,0,0,0,1
128,2024,0.7178996837423118,1,-1.8460584889706324,4500.0,0,8.0,2.0,0.0,1,0,0,0,1,0,0,0,0,0,0,0,1
129,2024,-0.285134041834431,5,-0.1230451026793605,5500.0,0,7.0,8.0,2.0,0,1,0,0,1,0,0,0,0,0,0,0,1
130,2024,0.7178996837423118,1,-0.7384070263548148,4500.0,0,7.0,7.0,4.0,0,1,0,0,0,0,1,0,0,0,0,1,0
131,2024,-0.285134041834431,1,-0.7384070263548148,5500.0,0,4.0,7.0,2.0,1,0,0,0,1,0,0,0,0,0,0,0,1
132,2024,0.5746091515170628,0,-0.1230451026793605,5500.0,1,2.0,0.0,0.0,0,1,0,0,1,0,0,0,0,0,0,0,1
133,2024,-0.285134041834431,0,-1.47684133476536,5500.0,0,2.0,7.0,4.0,1,0,0,1,0,0,0,0,0,0,0,0,1
134,2024,0.0014470226160669506,0,-0.1230451026793605,5500.0,0,2.0,0.0,0.0,0,1,0,0,0,0,0,0,0,1,0,1,0
135,2024,0.14473755484131592,1,-0.24611748741445136,5500.0,0,4.0,4.0,3.0,0,1,0,0,1,0,0,0,0,0,0,0,1
136,2024,-0.8582961707354269,0,-0.615334641619724,4500.0,0,4.0,0.0,0.0,1,0,0,0,1,0,0,0,0,0,0,0,1
137,2024,-1.8613298963121696,5,-0.1230451026793605,6500.0,1,4.0,8.0,1.0,0,1,0,0,0,0,0,0,0,1,0,0,1
138,2024,-1.1448772351859249,4,0.24617205152591207,4500.0,0,2.0,4.0,2.0,0,1,1,0,0,0,0,0,0,0,0,0,1
139,2024,-0.8582961707354269,1,-1.5999137195004507,4500.0,0,7.0,8.0,0.0,0,1,0,0,1,0,0,0,0,0,0,0,1
140,2024,-0.5717151062849289,0,0.8615339752013663,5500.0,1,4.0,4.0,0.0,1,0,0,0,1,0,0,0,0,0,0,1,0
141,2024,-0.285134041834431,0,-1.9691308737057234,7500.0,0,0.0,7.0,0.0,1,0,0,0,1,0,0,0,0,0,0,1,0
142,2024,0.43131861929181387,0,-0.24611748741445136,4500.0,0,2.0,7.0,1.0,1,0,1,0,0,0,0,0,0,0,0,0,1
143,2024,1.0044807481928097,1,0.8615339752013663,5500.0,0,8.0,2.0,4.0,1,0,0,0,1,0,0,0,0,0,0,0,1
144,2024,1.0044807481928097,1,0.8615339752013663,5500.0,0,8.0,2.0,4.0,1,0,0,0,1,0,0,0,0,0,0,0,1
145,2024,0.2880280870665649,1,-1.9691308737057234,5500.0,0,7.0,2.0,0.0,1,0,0,0,1,0,0,0,0,0,0,0,1
146,2024,0.8611902159675607,1,0.24617205152591207,6500.0,0,7.0,4.0,1.0,1,0,0,0,1,0,0,0,0,0,0,0,1
147,2024,-1.2881677674111738,3,-0.1230451026793605,7500.0,0,7.0,8.0,2.0,0,1,1,0,0,0,0,0,0,0,0,0,1
148,2024,-0.285134041834431,3,0.6153892057311846,5500.0,0,2.0,7.0,0.0,0,1,0,0,1,0,0,0,0,0,0,0,1
149,2024,0.0014470226160669506,1,-0.1230451026793605,5500.0,0,7.0,4.0,2.0,1,0,0,1,0,0,0,0,0,0,0,0,1
150,2024,-0.8582961707354269,2,-0.7384070263548148,5500.0,1,4.0,7.0,2.0,0,1,1,0,0,0,0,0,0,0,0,0,1
151,2024,1.4343523448685567,1,0.7384615904662755,4500.0,0,8.0,2.0,1.0,1,0,0,0,1,0,0,0,0,0,0,0,1
152,2024,2.0075144737695525,2,0.4923168209960938,7500.0,0,4.0,8.0,2.0,1,0,0,0,0,0,0,0,0,1,0,0,1
153,2024,1.0044807481928097,5,-0.1230451026793605,5500.0,0,2.0,4.0,0.0,1,0,0,1,0,0,0,0,0,0,0,0,1
154,2024,-0.5717151062849289,2,1.3538235141417299,6500.0,0,4.0,8.0,1.0,0,1,0,0,1,0,0,0,0,0,0,0,1
155,2024,0.0014470226160669506,1,-0.7384070263548148,4500.0,0,0.0,8.0,4.0,0,1,1,0,0,0,0,0,0,0,0,1,0
156,2024,1.7209334093190545,0,1.1076787446715481,4500.0,1,4.0,2.0,0.0,1,0,0,0,1,0,0,0,0,0,0,1,0
157,2024,0.8611902159675607,1,0.24617205152591207,4500.0,0,2.0,7.0,0.0,0,1,0,0,1,0,0,0,0,0,0,1,0
158,2024,1.9874537992580175,1,-0.013510680265129565,5500.0,1,8.0,0.0,0.0,1,0,0,0,1,0,0,0,0,0,0,0,1
159,2024,0.2880280870665649,3,-0.3691898721495422,5500.0,0,8.0,7.0,0.0,0,1,0,0,1,0,0,0,0,0,0,0,1
160,2024,-1.0015867029606758,1,-1.353768950030269,6500.0,0,8.0,8.0,2.0,0,1,0,0,1,0,0,0,0,0,0,0,1
161,2024,0.2880280870665649,1,0.8615339752013663,7500.0,0,4.0,2.0,1.0,1,0,0,0,1,0,0,0,0,0,0,0,1
162,2024,-0.42842457405967993,1,1.7230406683470023,6500.0,0,4.0,7.0,0.0,1,0,0,1,0,0,0,0,0,0,0,0,1
163,2024,-1.2881677674111738,5,-0.1230451026793605,5500.0,0,4.0,2.0,0.0,1,0,0,0,1,0,0,0,0,0,0,0,1
164,2024,0.5746091515170628,1,0.36924443626100295,4500.0,0,0.0,8.0,0.0,0,1,0,0,1,0,0,0,0,0,0,1,0
165,2024,0.2880280870665649,1,0.4923168209960938,6500.0,0,8.0,4.0,4.0,1,0,0,1,0,0,0,0,0,0,0,0,1
166,2024,-0.5717151062849289,5,-0.1230451026793605,6500.0,0,8.0,2.0,0.0,1,0,0,0,0,0,0,0,0,1,0,0,1
167,2024,-0.7150056385101778,1,0.9230701675689118,4500.0,0,8.0,4.0,0.0,0,1,0,0,1,0,0,0,0,0,0,0,1
168,2024,-0.5717151062849289,5,-0.1230451026793605,4500.0,0,4.0,2.0,0.0,0,1,0,0,1,0,0,0,0,0,0,0,1
169,2024,0.8611902159675607,1,0.4923168209960938,5500.0,0,8.0,7.0,0.0,1,0,0,0,0,0,0,0,0,1,0,0,1
170,2024,-2.1479109607626676,0,0.24617205152591207,4500.0,0,4.0,8.0,1.0,0,1,0,0,1,0,0,0,0,0,0,0,1
171,2024,-0.7150056385101778,5,-0.1230451026793605,4500.0,0,2.0,7.0,0.0,1,0,0,0,1,0,0,0,0,0,0,0,1
172,2024,0.0014470226160669506,5,-0.1230451026793605,5500.0,0,7.0,7.0,3.0,0,1,0,0,1,0,0,0,0,0,0,0,1
173,2024,-0.5717151062849289,2,-0.3691898721495422,5500.0,1,4.0,0.0,0.0,1,0,1,0,0,0,0,0,0,0,0,0,1
174,2024,0.14473755484131592,0,1.3538235141417299,7500.0,1,7.0,2.0,0.0,1,0,0,0,0,1,0,0,0,0,0,0,1
175,2024,0.43131861929181387,1,0.4923168209960938,4500.0,0,4.0,2.0,0.0,1,0,0,0,0,0,0,0,0,1,0,0,1
176,2024,0.5746091515170628,1,-0.7384070263548148,7500.0,0,8.0,2.0,0.0,1,0,0,0,1,0,0,0,0,0,0,0,1
177,2024,-0.42842457405967993,2,-1.9691308737057234,7500.0,0,0.0,4.0,0.0,1,0,0,0,1,0,0,0,0,0,0,0,1
178,2024,0.0014470226160669506,0,-0.7384070263548148,4500.0,0,4.0,0.0,1.0,1,0,0,0,0,0,0,0,0,1,0,0,1
179,2024,-0.8582961707354269,0,0.8615339752013663,4500.0,0,2.0,7.0,0.0,1,0,0,1,0,0,0,0,0,0,0,0,1
180,2024,0.14473755484131592,5,-0.1230451026793605,6500.0,0,4.0,0.0,0.0,0,1,0,0,0,0,1,0,0,0,0,0,1
181,2024,-1.1448772351859249,1,-0.1230451026793605,4500.0,1,2.0,0.0,0.0,1,0,0,1,0,0,0,0,0,0,0,0,1
182,2024,1.1477712804180586,1,1.1076787446715481,4500.0,0,7.0,4.0,0.0,1,0,0,0,0,0,0,0,0,1,0,0,1
183,2024,-0.285134041834431,0,-0.49226225688463304,5500.0,0,8.0,7.0,3.0,0,1,1,0,0,0,0,0,0,0,0,0,1
184,2024,0.2880280870665649,0,-0.3691898721495422,4500.0,0,8.0,7.0,3.0,0,1,0,0,1,0,0,0,0,0,0,1,0
185,2024,-0.285134041834431,2,-0.49226225688463304,5500.0,0,8.0,7.0,1.0,0,1,0,0,0,0,0,0,0,1,0,0,1
186,2024,-0.42842457405967993,0,-0.7384070263548148,4500.0,0,7.0,8.0,3.0,0,1,0,0,0,0,0,0,0,1,0,0,1
187,2024,0.7178996837423118,2,-1.353768950030269,5500.0,0,8.0,2.0,0.0,1,0,0,0,1,0,0,0,0,0,0,0,1
188,2024,-1.1448772351859249,0,-0.1230451026793605,5500.0,0,8.0,7.0,1.0,1,0,0,0,1,0,0,0,0,0,0,0,1
189,2024,-1.1448772351859249,0,-1.1076241805600873,5500.0,1,8.0,2.0,0.0,1,0,0,0,0,0,0,0,0,1,0,0,1
190,2024,0.43131861929181387,1,0.7384615904662755,4500.0,1,4.0,4.0,0.0,1,0,0,1,0,0,0,0,0,0,0,0,1
191,2024,1.1477712804180586,5,-0.1230451026793605,4500.0,0,8.0,7.0,1.0,0,1,0,0,0,0,1,0,0,0,0,0,1
192,2024,-0.42842457405967993,1,-1.9691308737057234,6500.0,0,2.0,4.0,0.0,0,1,0,0,0,0,0,0,0,1,0,0,1
193,2024,0.7178996837423118,1,-1.8460584889706324,4500.0,0,7.0,4.0,0.0,0,1,0,0,1,0,0,0,0,0,0,0,1
194,2024,-0.14184350960918202,0,-0.1230451026793605,4500.0,0,7.0,2.0,0.0,1,0,1,0,0,0,0,0,0,0,0,0,1
195,2024,2.0075144737695525,3,2.707619746227729,5500.0,0,8.0,2.0,0.0,0,1,0,0,1,0,0,0,0,0,0,0,1
196,2024,-0.8582961707354269,0,-1.47684133476536,6500.0,0,2.0,8.0,4.0,0,1,0,0,1,0,0,0,0,0,0,0,1
197,2024,0.7178996837423118,0,0.24617205152591207,6500.0,0,7.0,2.0,0.0,1,0,0,0,0,0,0,0,0,1,0,0,1
198,2024,0.14473755484131592,1,-0.8614794110899057,4500.0,0,8.0,7.0,0.0,0,1,0,0,1,0,0,0,0,0,0,1,0
199,2024,0.7178996837423118,0,-0.1230451026793605,6500.0,0,2.0,7.0,0.0,0,1,0,0,1,0,0,0,0,0,0,1,0
200,2024,-1.5747488318616718,0,-0.1230451026793605,5500.0,0,2.0,7.0,2.0,0,1,0,0,1,0,0,0,0,0,0,0,1
201,2024,-1.5747488318616718,0,1.3538235141417299,5500.0,0,7.0,8.0,0.0,0,1,0,0,1,0,0,0,0,0,0,1,0
202,2024,-1.0015867029606758,0,-0.49226225688463304,8500.0,0,4.0,2.0,0.0,1,0,0,0,1,0,0,0,0,0,0,0,1
203,2024,-2.5777825574384146,0,-0.1230451026793605,4500.0,0,2.0,0.0,0.0,1,0,0,0,1,0,0,0,0,0,0,0,1
204,2024,0.0014470226160669506,0,-0.7384070263548148,4500.0,0,4.0,0.0,0.0,0,1,0,0,1,0,0,0,0,0,0,0,1
205,2024,0.7178996837423118,0,2.2153302072873657,4500.0,0,0.0,0.0,0.0,1,0,0,0,1,0,0,0,0,0,0,0,1
206,2024,-0.285134041834431,0,0.4923168209960938,8500.0,0,4.0,4.0,0.0,1,0,0,0,1,0,0,0,0,0,0,0,1
207,2024,-0.42842457405967993,0,-0.7384070263548148,8500.0,0,0.0,8.0,1.0,1,0,0,0,1,0,0,0,0,0,0,0,1
208,2024,0.2880280870665649,2,-0.3691898721495422,5500.0,0,2.0,7.0,3.0,0,1,0,0,1,0,0,0,0,0,0,0,1
209,2024,0.0014470226160669506,0,1.7230406683470023,6500.0,0,2.0,7.0,1.0,1,0,0,0,1,0,0,0,0,0,0,1,0
210,2024,-1.5747488318616718,0,1.4768958988768206,5500.0,0,2.0,7.0,1.0,1,0,0,0,1,0,0,0,0,0,0,0,1
211,2024,-1.1448772351859249,1,1.2307511294066389,4500.0,0,2.0,4.0,1.0,1,0,0,0,1,0,0,0,0,0,0,1,0
212,2024,-1.5747488318616718,1,-0.3691898721495422,4500.0,0,4.0,2.0,0.0,1,0,0,1,0,0,0,0,0,0,0,0,1
213,2024,1.0044807481928097,2,-0.1230451026793605,5500.0,0,4.0,7.0,0.0,0,1,0,0,0,0,0,0,0,1,0,1,0
214,2024,-0.7150056385101778,1,-0.9845517958249965,5500.0,0,4.0,2.0,0.0,1,0,0,0,1,0,0,0,0,0,0,0,1
215,2024,0.8611902159675607,1,0.12309966679082121,5500.0,0,7.0,8.0,1.0,0,1,0,0,1,0,0,0,0,0,0,0,1
216,2024,-0.285134041834431,0,-0.8614794110899057,4500.0,0,2.0,8.0,2.0,0,1,0,0,1,0,0,0,0,0,0,0,1
217,2024,-1.8613298963121696,1,-0.1230451026793605,4500.0,0,7.0,2.0,0.0,1,0,0,1,0,0,0,0,0,0,0,0,1
218,2024,1.2910618126433078,2,0.9846063599364572,4500.0,1,8.0,8.0,3.0,0,1,0,0,1,0,0,0,0,0,0,1,0
219,2024,-0.8582961707354269,1,-0.7384070263548148,5500.0,1,8.0,7.0,0.0,0,1,0,0,1,0,0,0,0,0,0,0,1
220,2024,0.0014470226160669506,1,-0.24611748741445136,5500.0,0,7.0,7.0,4.0,1,0,0,0,1,0,0,0,0,0,0,0,1
221,2024,0.2880280870665649,1,-0.1230451026793605,4500.0,1,4.0,2.0,1.0,0,1,0,0,0,0,1,0,0,0,0,1,0
222,2024,-1.5747488318616718,0,1.7230406683470023,4500.0,0,2.0,7.0,2.0,1,0,0,0,1,0,0,0,0,0,0,0,1
223,2024,-0.8582961707354269,0,-0.24611748741445136,6500.0,0,7.0,8.0,0.0,0,1,0,1,0,0,0,0,0,0,0,0,1
224,2024,0.0014470226160669506,5,-0.1230451026793605,5500.0,0,4.0,4.0,0.0,0,1,0,0,0,0,0,0,0,0,1,0,1
225,2024,-0.42842457405967993,1,1.1076787446715481,4500.0,0,7.0,2.0,0.0,1,0,0,0,1,0,0,0,0,0,0,0,1
226,2024,0.5746091515170628,1,0.7384615904662755,5500.0,0,4.0,2.0,0.0,1,0,0,0,1,0,0,0,0,0,0,0,1
227,2024,2.2940955382200503,5,-0.1230451026793605,5500.0,0,4.0,2.0,0.0,1,0,0,0,0,0,1,0,0,0,0,0,1
228,2024,0.43131861929181387,1,-0.1230451026793605,5500.0,0,8.0,4.0,1.0,1,0,0,1,0,0,0,0,0,0,0,0,1
229,2024,0.5746091515170628,2,-0.3691898721495422,5500.0,0,8.0,4.0,0.0,0,1,0,0,1,0,0,0,0,0,0,0,1
230,2024,0.2880280870665649,2,0.9846063599364572,7500.0,0,7.0,2.0,0.0,1,0,0,0,0,1,0,0,0,0,0,0,1
231,2024,-1.8613298963121696,2,-0.7384070263548148,4500.0,0,7.0,2.0,0.0,1,0,0,0,1,0,0,0,0,0,0,0,1
232,2024,0.0014470226160669506,5,-0.1230451026793605,5500.0,0,4.0,4.0,0.0,0,1,0,0,0,0,0,0,0,0,1,0,1
233,2024,1.0044807481928097,1,-0.7384070263548148,4500.0,0,8.0,7.0,2.0,0,1,0,0,1,0,0,0,0,0,0,0,1
234,2024,-1.2881677674111738,1,-1.353768950030269,5500.0,0,0.0,4.0,0.0,0,1,0,0,1,0,0,0,0,0,0,0,1
235,2024,-1.4314582996364227,0,-1.353768950030269,4500.0,1,4.0,0.0,0.0,1,0,0,0,1,0,0,0,0,0,0,0,1
236,2024,-0.8582961707354269,0,-0.9845517958249965,6500.0,0,2.0,8.0,2.0,0,1,0,0,1,0,0,0,0,0,0,0,1
237,2024,0.8611902159675607,0,3.1999092851680926,5500.0,0,4.0,8.0,0.0,0,1,0,0,0,0,0,0,0,1,0,1,0
238,2024,-1.1448772351859249,2,-1.5999137195004507,4500.0,0,4.0,8.0,4.0,0,1,0,0,1,0,0,0,0,0,0,0,1
239,2024,0.5746091515170628,2,1.3538235141417299,5500.0,1,8.0,0.0,0.0,0,1,0,0,1,0,0,0,0,0,0,1,0
240,2024,0.8611902159675607,3,-0.3691898721495422,5500.0,1,8.0,7.0,0.0,0,1,0,0,1,0,0,0,0,0,0,1,0
241,2024,-1.1448772351859249,0,0.4923168209960938,4500.0,0,2.0,2.0,1.0,1,0,0,0,1,0,0,0,0,0,0,0,1
242,2024,0.0014470226160669506,1,-1.1076241805600873,8500.0,0,7.0,7.0,0.0,1,0,0,0,1,0,0,0,0,0,0,0,1
243,2024,2.4373860704452994,1,2.6583907923336922,8500.0,0,8.0,2.0,0.0,1,0,0,0,0,0,1,0,0,0,0,0,1
244,2024,-0.42842457405967993,0,-0.7384070263548148,4500.0,1,4.0,2.0,0.0,1,0,0,0,1,0,0,0,0,0,0,0,1
245,2024,0.2880280870665649,3,-1.353768950030269,5500.0,0,4.0,2.0,1.0,1,0,0,0,1,0,0,0,0,0,0,0,1
246,2024,-0.7150056385101778,1,-0.1230451026793605,4500.0,0,0.0,0.0,0.0,1,0,0,0,0,0,0,0,0,1,0,0,1
247,2024,1.1477712804180586,0,0.8615339752013663,7500.0,0,8.0,4.0,4.0,0,1,0,0,0,0,0,0,0,1,0,1,0
248,2024,0.8611902159675607,0,1.2307511294066389,7500.0,0,8.0,4.0,2.0,0,1,0,0,0,0,0,0,0,1,0,0,1
249,2024,0.5746091515170628,1,0.24617205152591207,4500.0,0,4.0,8.0,1.0,1,0,0,1,0,0,0,0,0,0,0,0,1
250,2024,-0.7150056385101778,1,-1.1076241805600873,4500.0,1,8.0,2.0,1.0,0,1,0,0,1,0,0,0,0,0,0,0,1
251,2024,-0.42842457405967993,0,-0.3691898721495422,5500.0,0,8.0,2.0,2.0,1,0,1,0,0,0,0,0,0,0,0,0,1
252,2024,-0.5717151062849289,0,-0.24611748741445136,4500.0,1,7.0,8.0,1.0,0,1,0,0,1,0,0,0,0,0,0,0,1
253,2024,0.7178996837423118,5,-0.1230451026793605,8500.0,0,4.0,2.0,0.0,0,1,0,0,1,0,0,0,0,0,0,0,1
254,2024,-6.303336395294887,5,-0.1230451026793605,4500.0,0,7.0,7.0,1.0,0,1,0,0,1,0,0,0,0,0,0,0,1
255,2024,-1.4314582996364227,0,-1.353768950030269,4500.0,0,2.0,8.0,4.0,0,1,0,0,1,0,0,0,0,0,0,1,0
256,2024,0.0014470226160669506,0,1.2307511294066389,6500.0,0,2.0,4.0,4.0,0,1,0,0,0,0,0,0,0,1,0,0,1
257,2024,-0.5717151062849289,5,-0.1230451026793605,4500.0,0,0.0,7.0,3.0,0,1,0,0,1,0,0,0,0,0,0,0,1
258,2024,0.14473755484131592,5,-0.1230451026793605,4500.0,1,8.0,8.0,0.0,0,1,0,0,1,0,0,0,0,0,0,0,1
259,2024,-0.14184350960918202,0,-0.1230451026793605,5500.0,0,7.0,8.0,2.0,0,1,0,0,1,0,0,0,0,0,0,0,1
260,2024,0.14473755484131592,0,0.6153892057311846,8500.0,0,8.0,7.0,0.0,1,0,0,0,1,0,0,0,0,0,0,0,1
261,2024,-1.0015867029606758,5,-0.1230451026793605,4500.0,1,4.0,8.0,1.0,0,1,0,0,1,0,0,0,0,0,0,0,1
262,2024,0.0014470226160669506,0,0.8615339752013663,6500.0,0,7.0,8.0,2.0,0,1,0,0,1,0,0,0,0,0,0,0,1
263,2024,1.205087493308159,0,-1.1076241805600873,4500.0,0,2.0,8.0,2.0,0,1,0,0,0,0,1,0,0,0,0,1,0
264,2024,-0.7150056385101778,5,-0.1230451026793605,4500.0,0,4.0,8.0,0.0,0,1,0,0,0,0,0,0,0,1,0,0,1
265,2024,0.7178996837423118,5,-0.1230451026793605,4500.0,0,8.0,7.0,1.0,0,1,0,0,0,0,1,0,0,0,0,0,1
266,2024,0.5746091515170628,4,-0.49226225688463304,7500.0,0,8.0,8.0,0.0,0,1,0,0,0,0,1,0,0,0,0,0,1
267,2024,0.0014470226160669506,5,-0.1230451026793605,8500.0,0,4.0,7.0,2.0,0,1,0,1,0,0,0,0,0,0,0,0,1
268,2024,-2.5777825574384146,0,1.1076787446715481,4500.0,0,2.0,7.0,0.0,0,1,0,0,1,0,0,0,0,0,0,0,1
269,2024,0.8611902159675607,0,0.36924443626100295,5500.0,1,7.0,4.0,0.0,0,1,0,0,0,0,0,0,0,1,0,0,1
270,2024,1.0044807481928097,5,-0.1230451026793605,4500.0,0,2.0,4.0,1.0,0,1,0,0,0,0,1,0,0,0,0,0,1
271,2024,-0.42842457405967993,0,-0.1230451026793605,5500.0,0,4.0,7.0,4.0,0,1,0,0,1,0,0,0,0,0,0,0,1
272,2024,0.43131861929181387,1,-0.24611748741445136,6500.0,0,8.0,8.0,2.0,0,1,0,0,1,0,0,0,0,0,0,0,1
273,2024,1.0044807481928097,1,1.2307511294066389,6500.0,0,8.0,2.0,1.0,1,0,0,0,0,0,0,0,0,1,0,0,1
274,2024,2.509031336557924,4,-0.1230451026793605,4500.0,1,8.0,8.0,0.0,0,1,0,0,0,0,1,0,0,0,0,0,1
275,2024,0.2880280870665649,5,-0.1230451026793605,4500.0,1,8.0,4.0,0.0,0,1,0,0,0,0,1,0,0,0,0,0,1
276,2024,-0.5717151062849289,5,-0.1230451026793605,4500.0,1,2.0,8.0,2.0,0,1,0,0,1,0,0,0,0,0,0,0,1
277,2024,-0.285134041834431,0,-0.7384070263548148,5500.0,0,2.0,8.0,1.0,0,1,0,0,0,0,0,0,0,1,0,0,1
278,2024,1.2910618126433078,0,0.7384615904662755,5500.0,0,7.0,7.0,1.0,0,1,0,0,1,0,0,0,0,0,0,1,0
279,2024,-1.4314582996364227,1,0.36924443626100295,5500.0,0,8.0,2.0,0.0,1,0,0,1,0,0,0,0,0,0,0,0,1
280,2024,-0.5717151062849289,0,-0.1230451026793605,5500.0,0,4.0,7.0,4.0,0,1,0,0,1,0,0,0,0,0,0,1,0
281,2024,0.43131861929181387,5,-0.1230451026793605,4500.0,0,7.0,4.0,0.0,0,1,0,0,0,0,1,0,0,0,0,0,1
282,2024,-1.8613298963121696,5,-0.1230451026793605,4500.0,0,7.0,7.0,0.0,1,0,0,0,1,0,0,0,0,0,0,0,1
283,2024,-0.8582961707354269,2,0.24617205152591207,8500.0,0,8.0,7.0,0.0,0,1,0,0,0,0,0,1,0,0,0,0,1
284,2024,-0.285134041834431,1,-0.24611748741445136,8500.0,0,8.0,7.0,2.0,0,1,0,0,1,0,0,0,0,0,0,0,1
285,2024,-0.42842457405967993,5,-0.1230451026793605,5500.0,0,4.0,2.0,0.0,0,1,0,0,1,0,0,0,0,0,0,0,1
286,2024,-1.0015867029606758,0,0.12309966679082121,4500.0,1,7.0,7.0,3.0,1,0,0,0,0,1,0,0,0,0,0,0,1
287,2024,-0.8582961707354269,0,1.3538235141417299,4500.0,0,4.0,4.0,0.0,1,0,1,0,0,0,0,0,0,0,0,0,1
288,2024,0.2880280870665649,5,-0.1230451026793605,8500.0,0,4.0,8.0,0.0,0,1,0,1,0,0,0,0,0,0,0,0,1
289,2024,0.0014470226160669506,1,2.0922578225522748,7500.0,0,8.0,4.0,0.0,1,0,0,1,0,0,0,0,0,0,0,0,1
290,2024,-0.5717151062849289,0,-0.1230451026793605,7500.0,0,7.0,4.0,0.0,1,0,0,0,1,0,0,0,0,0,0,0,1
291,2024,1.2910618126433078,1,-0.615334641619724,5500.0,0,8.0,2.0,0.0,1,0,0,0,0,0,0,0,0,1,0,0,1
292,2024,-0.285134041834431,0,-0.1230451026793605,5500.0,0,7.0,2.0,0.0,1,0,0,0,1,0,0,0,0,0,0,0,1
293,2024,-0.285134041834431,1,-0.1230451026793605,4500.0,0,4.0,7.0,0.0,0,1,0,0,1,0,0,0,0,0,0,0,1
294,2024,2.2940955382200503,1,0.12309966679082121,4500.0,0,8.0,2.0,0.0,1,0,0,0,1,0,0,0,0,0,0,1,0
295,2024,0.0014470226160669506,0,-0.9845517958249965,6500.0,0,7.0,4.0,2.0,1,0,0,0,0,0,1,0,0,0,0,0,1
296,2024,-1.8613298963121696,5,-0.1230451026793605,5500.0,0,2.0,7.0,1.0,0,1,0,0,1,0,0,0,0,0,0,0,1
297,2024,0.8611902159675607,1,-0.615334641619724,5500.0,0,2.0,7.0,3.0,1,0,0,0,1,0,0,0,0,0,0,0,1
298,2024,0.7178996837423118,5,-0.1230451026793605,4500.0,0,8.0,4.0,0.0,1,0,0,0,0,0,0,0,0,1,0,0,1
299,2024,0.14473755484131592,1,1.3538235141417299,5500.0,0,2.0,2.0,0.0,1,0,0,0,1,0,0,0,0,0,0,0,1
300,2024,-0.285134041834431,5,-0.1230451026793605,4500.0,0,2.0,8.0,1.0,0,1,0,1,0,0,0,0,0,0,0,0,1
301,2024,0.2880280870665649,1,-1.1076241805600873,4500.0,0,4.0,7.0,1.0,0,1,0,0,0,0,0,0,0,1,0,0,1
302,2024,0.14473755484131592,5,-0.1230451026793605,6500.0,0,7.0,7.0,2.0,0,1,0,0,1,0,0,0,0,0,0,0,1
303,2024,-1.5747488318616718,0,-4.43057856840754,4500.0,0,2.0,8.0,4.0,0,1,0,0,1,0,0,0,0,0,0,0,1
304,2024,-0.285134041834431,0,1.7230406683470023,4500.0,0,2.0,8.0,1.0,1,0,0,0,1,0,0,0,0,0,0,0,1
305,2024,-0.8582961707354269,0,-0.1230451026793605,6500.0,0,7.0,8.0,0.0,0,1,0,0,1,0,0,0,0,0,0,0,1
306,2024,-0.7150056385101778,0,0.4923168209960938,7500.0,0,4.0,7.0,1.0,0,1,0,1,0,0,0,0,0,0,0,0,1
307,2024,0.0014470226160669506,0,2.0922578225522748,4500.0,0,2.0,8.0,2.0,0,1,0,0,1,0,0,0,0,0,0,0,1
308,2024,0.8611902159675607,5,-0.1230451026793605,7500.0,0,7.0,8.0,4.0,0,1,0,0,1,0,0,0,0,0,0,1,0
309,2024,0.5746091515170628,0,0.8615339752013663,5500.0,0,8.0,4.0,0.0,0,1,0,0,0,0,1,0,0,0,0,0,1
310,2024,-0.42842457405967993,0,2.83069213096282,6500.0,0,7.0,4.0,0.0,1,0,0,0,1,0,0,0,0,0,0,0,1
311,2024,-1.5747488318616718,1,1.8461130530820933,5500.0,0,8.0,7.0,1.0,0,1,0,0,1,0,0,0,0,0,0,0,1
312,2024,0.0014470226160669506,1,0.6153892057311846,4500.0,0,7.0,4.0,2.0,1,0,0,0,1,0,0,0,0,0,0,0,1
313,2024,0.14473755484131592,0,1.2307511294066389,5500.0,0,2.0,4.0,0.0,1,0,0,0,1,0,0,0,0,0,0,0,1
314,2024,1.5776428770938056,1,1.7230406683470023,8500.0,0,4.0,4.0,1.0,1,0,0,0,1,0,0,0,0,0,0,0,1
315,2024,0.0014470226160669506,0,-0.1230451026793605,4500.0,0,7.0,4.0,0.0,1,0,0,0,1,0,0,0,0,0,0,1,0
316,2024,-0.7150056385101778,1,-0.49226225688463304,4500.0,0,4.0,7.0,1.0,0,1,0,0,0,0,0,0,1,0,0,0,1
317,2024,1.0044807481928097,1,-0.9845517958249965,4500.0,0,8.0,8.0,2.0,0,1,0,0,1,0,0,0,0,0,0,1,0
318,2024,-0.8582961707354269,0,1.2307511294066389,6500.0,0,0.0,4.0,0.0,0,1,0,0,1,0,0,0,0,0,0,0,1
319,2024,0.7178996837423118,1,0.7384615904662755,6500.0,0,2.0,7.0,2.0,1,0,0,1,0,0,0,0,0,0,0,0,1
320,2024,0.7178996837423118,1,-1.353768950030269,4500.0,0,4.0,4.0,2.0,0,1,0,0,1,0,0,0,0,0,0,1,0
321,2024,0.0014470226160669506,1,0.4923168209960938,7500.0,1,2.0,4.0,1.0,1,0,0,0,1,0,0,0,0,0,0,0,1
322,2024,-1.7180393640869207,2,-0.615334641619724,5500.0,0,2.0,8.0,1.0,0,1,1,0,0,0,0,0,0,0,0,0,1
323,2024,0.2880280870665649,0,-1.353768950030269,5500.0,0,4.0,8.0,3.0,0,1,0,0,0,0,0,0,0,1,0,0,1
324,2024,1.7209334093190545,2,0.8615339752013663,5500.0,0,8.0,2.0,0.0,1,0,0,0,1,0,0,0,0,0,0,0,1
325,2024,-1.0015867029606758,5,-0.1230451026793605,4500.0,1,4.0,8.0,1.0,0,1,0,0,1,0,0,0,0,0,0,0,1
326,2024,0.5746091515170628,2,0.9846063599364572,5500.0,0,8.0,7.0,0.0,0,1,0,0,0,0,1,0,0,0,0,0,1
327,2024,-0.14184350960918202,2,-0.3691898721495422,6500.0,0,4.0,8.0,3.0,0,1,0,0,0,0,0,1,0,0,0,0,1
328,2024,0.7178996837423118,2,-0.615334641619724,5500.0,0,8.0,7.0,1.0,1,0,0,0,0,0,1,0,0,0,0,0,1
329,2024,-0.285134041834431,1,-0.9845517958249965,4500.0,0,4.0,7.0,2.0,0,1,0,0,0,0,0,0,0,1,0,1,0
330,2024,-0.14184350960918202,1,-0.615334641619724,6500.0,0,7.0,8.0,2.0,0,1,0,0,1,0,0,0,0,0,0,0,1
331,2024,-0.285134041834431,2,-0.3691898721495422,5500.0,0,2.0,2.0,0.0,1,0,0,0,0,0,0,0,0,1,0,0,1
332,2024,-0.7150056385101778,0,-0.8614794110899057,4500.0,0,8.0,2.0,0.0,1,0,0,0,0,0,1,0,0,0,0,0,1
333,2024,-0.5717151062849289,1,-1.2306965652951782,4500.0,1,8.0,2.0,1.0,0,1,0,0,1,0,0,0,0,0,0,1,0
334,2024,-1.4314582996364227,0,-1.47684133476536,8500.0,0,2.0,7.0,2.0,0,1,0,1,0,0,0,0,0,0,0,0,1
335,2024,-3.2942352185646593,1,-0.615334641619724,4500.0,0,7.0,0.0,0.0,1,0,0,0,1,0,0,0,0,0,0,0,1
336,2024,0.2880280870665649,1,-0.7384070263548148,4500.0,1,2.0,7.0,0.0,0,1,0,0,0,0,0,1,0,0,0,1,0
337,2024,-1.4314582996364227,0,-0.1230451026793605,4500.0,0,8.0,8.0,4.0,0,1,1,0,0,0,0,0,0,0,0,0,1
338,2024,-1.8613298963121696,1,1.7230406683470023,5500.0,0,0.0,8.0,0.0,1,0,0,0,1,0,0,0,0,0,0,0,1
339,2024,-0.42842457405967993,2,1.7230406683470023,4500.0,0,7.0,2.0,0.0,0,1,0,0,1,0,0,0,0,0,0,0,1
340,2024,-0.285134041834431,0,0.4923168209960938,5500.0,0,2.0,8.0,2.0,0,1,0,0,1,0,0,0,0,0,0,0,1
341,2024,-1.0015867029606758,0,1.3538235141417299,5500.0,0,4.0,4.0,1.0,0,1,0,0,1,0,0,0,0,0,0,0,1
342,2024,1.0044807481928097,1,-0.7384070263548148,5500.0,0,8.0,7.0,0.0,1,0,0,0,0,0,1,0,0,0,0,0,1
343,2024,0.0014470226160669506,5,-0.1230451026793605,5500.0,0,8.0,2.0,0.0,1,0,0,0,1,0,0,0,0,0,0,0,1
344,2024,-1.1448772351859249,0,1.2307511294066389,4500.0,0,7.0,2.0,1.0,0,1,0,0,1,0,0,0,0,0,0,0,1
345,2024,-0.5717151062849289,1,0.4553951055755669,5500.0,0,7.0,8.0,2.0,1,0,0,0,0,0,0,0,1,0,0,0,1
346,2024,1.1477712804180586,1,2.3384025920224567,5500.0,0,0.0,4.0,0.0,0,1,0,0,1,0,0,0,0,0,0,0,1
347,2024,0.7178996837423118,1,0.4923168209960938,7500.0,0,8.0,8.0,2.0,0,1,0,0,1,0,0,0,0,0,0,0,1
348,2024,0.0014470226160669506,1,-0.3691898721495422,5500.0,0,8.0,7.0,0.0,0,1,0,0,1,0,0,0,0,0,0,0,1
349,2024,0.7178996837423118,1,-0.3691898721495422,4500.0,0,2.0,4.0,1.0,0,1,0,0,1,0,0,0,0,0,0,1,0
350,2024,0.0014470226160669506,2,2.728205573035931e-05,5500.0,0,8.0,0.0,0.0,0,1,0,0,1,0,0,0,0,0,0,0,1
351,2024,-0.285134041834431,5,-0.7384070263548148,7500.0,0,4.0,4.0,2.0,1,0,0,0,1,0,0,0,0,0,0,0,1
352,2024,1.1477712804180586,5,-0.1230451026793605,6500.0,0,4.0,8.0,0.0,1,0,0,0,0,0,1,0,0,0,0,0,1
353,2024,0.0014470226160669506,0,2.3384025920224567,4500.0,0,2.0,7.0,1.0,0,1,0,0,1,0,0,0,0,0,0,0,1
354,2024,-0.42842457405967993,2,-0.8614794110899057,4500.0,0,4.0,4.0,0.0,0,1,0,0,0,0,1,0,0,0,0,0,1
355,2024,1.2910618126433078,1,0.9846063599364572,4500.0,0,4.0,2.0,0.0,1,0,0,0,1,0,0,0,0,0,0,1,0
356,2024,-0.14184350960918202,0,-0.24611748741445136,4500.0,0,0.0,2.0,0.0,0,1,0,0,1,0,0,0,0,0,0,0,1
357,2024,1.0044807481928097,4,1.4768958988768206,6500.0,0,8.0,8.0,0.0,0,1,1,0,0,0,0,0,0,0,0,0,1
358,2024,-2.5777825574384146,1,-1.9691308737057234,4500.0,0,4.0,7.0,0.0,0,1,0,1,0,0,0,0,0,0,0,0,1
359,2024,0.2880280870665649,5,-0.1230451026793605,5500.0,0,4.0,2.0,0.0,1,0,0,0,1,0,0,0,0,0,0,0,1
360,2024,-0.14184350960918202,5,-0.1230451026793605,6500.0,0,7.0,7.0,0.0,0,1,0,0,1,0,0,0,0,0,0,0,1
361,2024,0.2880280870665649,1,-1.9691308737057234,5500.0,0,8.0,2.0,0.0,0,1,0,0,0,0,0,0,0,1,0,0,1
362,2024,0.2880280870665649,2,1.1076787446715481,6500.0,0,8.0,2.0,1.0,1,0,0,0,0,0,0,1,0,0,0,0,1
363,2024,-0.285134041834431,5,-0.1230451026793605,5500.0,0,4.0,4.0,0.0,1,0,0,0,0,0,0,0,0,1,0,0,1
364,2024,-0.42842457405967993,0,-0.3691898721495422,5500.0,0,4.0,4.0,0.0,0,1,0,0,0,0,0,0,0,1,0,0,1
365,2024,-1.4314582996364227,5,-0.1230451026793605,7500.0,0,4.0,8.0,0.0,0,1,0,0,1,0,0,0,0,0,0,0,1
366,2024,-0.285134041834431,0,-1.2306965652951782,4500.0,0,2.0,0.0,0.0,0,1,0,0,0,0,0,0,0,1,0,0,1
367,2024,0.5746091515170628,5,-0.1230451026793605,5500.0,0,7.0,2.0,0.0,1,0,0,0,0,0,0,0,0,0,1,0,1
368,2024,0.7178996837423118,0,-0.615334641619724,5500.0,0,8.0,4.0,0.0,1,0,0,1,0,0,0,0,0,0,0,0,1
369,2024,0.2880280870665649,0,0.9846063599364572,4500.0,0,4.0,7.0,1.0,0,1,0,1,0,0,0,0,0,0,0,0,1
370,2024,0.0014470226160669506,5,-0.1230451026793605,7500.0,0,2.0,4.0,3.0,0,1,0,0,0,0,0,0,0,1,0,0,1
371,2024,-1.1448772351859249,1,-0.7384070263548148,4500.0,0,8.0,4.0,0.0,1,0,0,0,1,0,0,0,0,0,0,0,1
372,2024,1.1477712804180586,1,0.36924443626100295,5500.0,0,2.0,8.0,2.0,0,1,0,0,1,0,0,0,0,0,0,0,1
373,2024,-0.8582961707354269,5,-0.1230451026793605,5500.0,0,8.0,4.0,0.0,1,0,0,0,0,1,0,0,0,0,0,0,1
374,2024,1.4343523448685567,5,-0.1230451026793605,4500.0,0,2.0,8.0,2.0,1,0,0,0,0,0,0,1,0,0,0,0,1
375,2024,1.8943149533116048,5,-0.1230451026793605,4500.0,0,2.0,2.0,3.0,1,0,0,0,0,0,0,0,0,1,0,0,1
376,2024,1.0044807481928097,0,-0.7384070263548148,4500.0,0,2.0,4.0,3.0,1,0,0,0,0,0,0,0,1,0,0,0,1
377,2024,0.14473755484131592,0,2.0922578225522748,7500.0,0,8.0,2.0,0.0,0,1,0,0,1,0,0,0,0,0,0,0,1
378,2024,-1.1448772351859249,1,-1.2306965652951782,8500.0,0,4.0,8.0,2.0,0,1,0,0,1,0,0,0,0,0,0,0,1
379,2024,-1.4314582996364227,5,-0.1230451026793605,6500.0,1,7.0,4.0,1.0,0,1,0,0,1,0,0,0,0,0,0,0,1
380,2024,-0.42842457405967993,0,-0.1230451026793605,4500.0,0,2.0,4.0,0.0,1,0,0,1,0,0,0,0,0,0,0,0,1
381,2024,0.0014470226160669506,1,1.5999682836119116,6500.0,0,2.0,2.0,0.0,1,0,0,0,0,0,0,0,1,0,0,0,1
382,2024,-0.285134041834431,5,-0.1230451026793605,6500.0,0,4.0,0.0,0.0,1,0,0,1,0,0,0,0,0,0,0,0,1
383,2024,-0.285134041834431,1,-0.24611748741445136,4500.0,0,4.0,7.0,1.0,0,1,0,0,1,0,0,0,0,0,0,0,1
384,2024,-0.285134041834431,1,-1.1076241805600873,4500.0,0,8.0,2.0,0.0,0,1,0,0,1,0,0,0,0,0,0,0,1
385,2024,1.0044807481928097,0,-0.9845517958249965,8500.0,0,2.0,4.0,2.0,1,0,0,0,1,0,0,0,0,0,0,0,1
386,2024,2.5806766026705485,5,-0.1230451026793605,5500.0,0,8.0,0.0,0.0,0,1,0,0,1,0,0,0,0,0,0,0,1
387,2024,1.1477712804180586,0,0.6153892057311846,4500.0,0,8.0,0.0,0.0,1,0,0,0,0,0,0,0,0,1,0,0,1
388,2024,0.0014470226160669506,2,2.728205573035931e-05,4500.0,0,0.0,2.0,1.0,0,1,0,0,0,0,0,1,0,0,0,0,1
389,2024,-0.42842457405967993,5,-0.1230451026793605,6500.0,0,2.0,8.0,4.0,0,1,0,0,1,0,0,0,0,0,0,0,1
390,2024,-0.5717151062849289,5,-0.1230451026793605,4500.0,0,2.0,0.0,0.0,0,1,0,0,0,0,0,0,0,1,0,0,1
391,2024,-0.42842457405967993,5,-0.1230451026793605,6500.0,0,4.0,2.0,0.0,0,1,0,0,1,0,0,0,0,0,0,0,1
392,2024,-2.0046204285374185,0,0.4923168209960938,8500.0,0,0.0,8.0,0.0,0,1,0,0,1,0,0,0,0,0,0,0,1
393,2024,0.0014470226160669506,0,-1.8460584889706324,4500.0,0,2.0,7.0,1.0,1,0,0,0,0,0,0,0,0,0,1,0,1
394,2024,-0.285134041834431,0,-0.9845517958249965,5500.0,0,2.0,8.0,1.0,0,1,0,0,0,0,0,0,0,1,0,0,1
395,2024,-0.42842457405967993,1,1.7230406683470023,8500.0,0,0.0,8.0,4.0,0,1,0,0,1,0,0,0,0,0,0,0,1
396,2024,0.0014470226160669506,1,0.9846063599364572,4500.0,0,2.0,2.0,0.0,1,0,0,0,0,0,0,0,1,0,0,0,1
397,2024,1.1477712804180586,0,0.4923168209960938,4500.0,0,7.0,4.0,2.0,0,1,0,0,1,0,0,0,0,0,0,0,1
398,2024,-0.5717151062849289,1,-0.7384070263548148,6500.0,0,7.0,2.0,0.0,1,0,0,0,1,0,0,0,0,0,0,0,1
399,2024,0.0014470226160669506,5,-0.1230451026793605,5500.0,0,4.0,2.0,0.0,1,0,0,0,0,0,1,0,0,0,0,0,1
400,2024,1.0044807481928097,5,-0.1230451026793605,5500.0,0,4.0,4.0,0.0,0,1,0,1,0,0,0,0,0,0,0,0,1
401,2024,-0.5717151062849289,5,-0.1230451026793605,5500.0,0,4.0,2.0,0.0,1,0,0,0,0,0,0,0,0,1,0,0,1
402,2024,-0.7150056385101778,1,-0.9845517958249965,6500.0,1,7.0,8.0,0.0,1,0,0,0,1,0,0,0,0,0,0,0,1
403,2024,1.1477712804180586,0,-0.1230451026793605,4500.0,0,7.0,4.0,1.0,1,0,0,0,0,0,0,0,0,0,1,0,1
404,2024,1.0044807481928097,5,-0.1230451026793605,4500.0,0,2.0,7.0,4.0,0,1,0,0,1,0,0,0,0,0,0,0,1
405,2024,0.2880280870665649,0,-0.3691898721495422,5500.0,0,4.0,4.0,1.0,1,0,0,0,0,0,0,0,0,0,1,0,1
